{"cameraMode":{"drawMode":0,"name":"Shaded","section":"Shading Mode"},"sceneLighting":false,"audioPlay":false,"sceneViewState":{"showFog":true,"showMaterialUpdate":false,"showSkybox":true,"showFlares":true,"showImageEffects":true,"showParticleSystems":true},"in2DMode":false,"pivot":{"x":-43.36000061035156,"y":-14.774999618530274,"z":1.869999885559082},"rotation":{"x":-0.08870214223861695,"y":0.6220044493675232,"z":-0.07121595740318299,"w":-0.7747069001197815},"size":4.041658401489258,"orthographic":true}