{"cameraMode":{"drawMode":0,"name":"Shaded","section":"Shading Mode"},"sceneLighting":true,"audioPlay":false,"sceneViewState":{"showFog":true,"showMaterialUpdate":false,"showSkybox":true,"showFlares":true,"showImageEffects":true,"showParticleSystems":true},"in2DMode":false,"pivot":{"x":-41.52392578125,"y":-15.03997802734375,"z":1.891845703125},"rotation":{"x":0.04904017969965935,"y":-0.6595435738563538,"z":0.0431961826980114,"w":0.7488200068473816},"size":14.748583793640137,"orthographic":true}