{"cameraMode":{"drawMode":0,"name":"Shaded","section":"Shading Mode"},"sceneLighting":true,"audioPlay":false,"sceneViewState":{"showFog":true,"showMaterialUpdate":false,"showSkybox":true,"showFlares":true,"showImageEffects":true,"showParticleSystems":true},"in2DMode":false,"pivot":{"x":-22.756458282470704,"y":-47.43756866455078,"z":37.41904067993164},"rotation":{"x":-0.3919183015823364,"y":0.027049824595451356,"z":-0.011526962742209435,"w":-0.9195300936698914},"size":101.98133087158203,"orthographic":false}