{"cameraMode":{"drawMode":0,"name":"Shaded","section":"Shading Mode"},"sceneLighting":true,"audioPlay":false,"sceneViewState":{"showFog":true,"showMaterialUpdate":false,"showSkybox":true,"showFlares":true,"showImageEffects":true,"showParticleSystems":true},"in2DMode":false,"pivot":{"x":-40.67178726196289,"y":-10.605052947998047,"z":1.869140625},"rotation":{"x":-0.03402256220579147,"y":0.5417112708091736,"z":-0.021950295194983484,"w":-0.8395889401435852},"size":17.85427474975586,"orthographic":true}