{"cameraMode":{"drawMode":0,"name":"Shaded","section":"Shading Mode"},"sceneLighting":false,"audioPlay":false,"sceneViewState":{"showFog":true,"showMaterialUpdate":false,"showSkybox":true,"showFlares":true,"showImageEffects":true,"showParticleSystems":true},"in2DMode":false,"pivot":{"x":-0.23486328125,"y":-3.68359375,"z":1.3609619140625},"rotation":{"x":0.25735023617744448,"y":-0.07094699144363404,"z":0.01894932985305786,"w":0.9635239243507385},"size":4.816806793212891,"orthographic":true}