{"cameraMode":{"drawMode":0,"name":"Shaded","section":"Shading Mode"},"sceneLighting":false,"audioPlay":false,"sceneViewState":{"showFog":true,"showMaterialUpdate":false,"showSkybox":true,"showFlares":true,"showImageEffects":true,"showParticleSystems":true},"in2DMode":false,"pivot":{"x":-0.10876388847827912,"y":-4.098942279815674,"z":1.3128911256790162},"rotation":{"x":0.6314314007759094,"y":6.543777431033959e-7,"z":-5.544555392589245e-7,"w":0.775431752204895},"size":2.1851038932800295,"orthographic":false}