{"cameraMode":{"drawMode":0,"name":"Shaded","section":"Shading Mode"},"sceneLighting":false,"audioPlay":false,"sceneViewState":{"showFog":true,"showMaterialUpdate":false,"showSkybox":true,"showFlares":true,"showImageEffects":true,"showParticleSystems":true},"in2DMode":false,"pivot":{"x":-0.23486328125,"y":-3.68359375,"z":1.3609619140625},"rotation":{"x":0.2925490438938141,"y":-0.07734666019678116,"z":0.023748503997921945,"w":0.9528213739395142},"size":2.1851038932800295,"orthographic":true}